{"cameraMode":{"drawMode":0,"name":"Shaded","section":"Shading Mode"},"sceneLighting":false,"audioPlay":false,"sceneViewState":{"m_AlwaysRefresh":false,"showFog":true,"showSkybox":false,"showFlares":true,"showImageEffects":true,"showParticleSystems":true,"showVisualEffectGraphs":true,"m_FxEnabled":true},"in2DMode":false,"pivot":{"x":-7.5963873863220219,"y":1.2899999618530274,"z":17.980865478515626},"rotation":{"x":0.18285910785198213,"y":-0.7502807974815369,"z":0.23218213021755219,"w":0.5914585590362549},"size":2.746025800704956,"orthographic":false}