{"cameraMode":{"drawMode":0,"name":"Shaded","section":"Shading Mode"},"sceneLighting":false,"audioPlay":false,"sceneViewState":{"m_AlwaysRefresh":false,"showFog":true,"showSkybox":false,"showFlares":true,"showImageEffects":true,"showParticleSystems":true,"showVisualEffectGraphs":true,"m_FxEnabled":true},"in2DMode":false,"pivot":{"x":0.22421585023403169,"y":1.777627944946289,"z":-0.8333888053894043},"rotation":{"x":0.017329758033156396,"y":-0.8252149820327759,"z":0.024498553946614267,"w":0.5641502737998962},"size":3.821223497390747,"orthographic":false}