{"cameraMode":{"drawMode":0,"name":"Shaded","section":"Shading Mode"},"sceneLighting":false,"audioPlay":false,"sceneViewState":{"m_AlwaysRefresh":false,"showFog":true,"showSkybox":false,"showFlares":true,"showImageEffects":true,"showParticleSystems":true,"showVisualEffectGraphs":true,"m_FxEnabled":true},"in2DMode":false,"pivot":{"x":0.1955380141735077,"y":0.36033889651298525,"z":0.4083203077316284},"rotation":{"x":0.07009708136320114,"y":-0.48111096024513247,"z":0.038606997579336169,"w":0.8730226159095764},"size":0.7237462997436523,"orthographic":false}