{"cameraMode":{"drawMode":0,"name":"Shaded","section":"Shading Mode"},"sceneLighting":false,"audioPlay":false,"sceneViewState":{"m_AlwaysRefresh":false,"showFog":true,"showSkybox":false,"showFlares":true,"showImageEffects":true,"showParticleSystems":true,"showVisualEffectGraphs":true,"m_FxEnabled":true},"in2DMode":false,"pivot":{"x":-0.2500000596046448,"y":0.4999999403953552,"z":-2.9802322387695315e-8},"rotation":{"x":-0.034469008445739749,"y":-0.9561231732368469,"z":0.26249581575393679,"w":-0.12645608186721803},"size":1.6200708150863648,"orthographic":false}